{
    "Scalars": {
        "Boolean": {
            "type": "boolean"
        },
        "Float": {
            "type": "number"
        },
        "ID": {
            "type": "string"
        },
        "Int": {
            "type": "number"
        },
        "String": {
            "type": "string"
        }
    },
    "Custom": {
        "JSON": {
            "type": "object"
        },
        "Date": {
            "type": "string"
        },
        "DateTime": {
            "type": "string"
        },
        "Time": {
            "type": "string"
        },
        "Decimal": {
            "type": "string"
        },
        "UUID": {
            "type": "string"
        },
        "Void": {
            "type": "null"
        }
    }
}